[ {
  "entityTypeId" : "88f5d798-ec88-4ee3-b955-8d5b516c8d6a",
  "id" : "b439d44b-9006-4fac-a518-b5dee63fb7e7",
  "name" : "description",
  "sourceFieldname" : "description",
  "description" : "description",
  "dataType" : "string",
  "hasIndex" : false,
  "unique" : false,
  "primarykey" : false,
  "namefield" : false,
  "nullable" : true,
  "custom" : false,
  "createable" : true,
  "updateable" : true,
  "audit" : false,
  "customizable" : false,
  "fieldOrder" : 0,
  "fieldProperties" : {
    "autoGenerated" : "false"
  }
}, {
  "entityTypeId" : "88f5d798-ec88-4ee3-b955-8d5b516c8d6a",
  "id" : "e9863cd0-b88b-4381-bea2-5ab0f60b2b28",
  "name" : "key",
  "sourceFieldname" : "key",
  "description" : "key",
  "dataType" : "string",
  "hasIndex" : false,
  "unique" : false,
  "primarykey" : false,
  "namefield" : false,
  "nullable" : true,
  "custom" : false,
  "createable" : true,
  "updateable" : true,
  "audit" : false,
  "customizable" : false,
  "fieldOrder" : 0,
  "fieldProperties" : {
    "autoGenerated" : "false"
  }
}, {
  "entityTypeId" : "88f5d798-ec88-4ee3-b955-8d5b516c8d6a",
  "id" : "cce8b106-35d5-4762-9881-d5e5558f80c8",
  "name" : "place_id",
  "sourceFieldname" : "place_id",
  "description" : "place_id",
  "dataType" : "string",
  "hasIndex" : false,
  "unique" : false,
  "primarykey" : false,
  "namefield" : false,
  "nullable" : true,
  "custom" : false,
  "createable" : true,
  "updateable" : true,
  "audit" : false,
  "customizable" : false,
  "fieldOrder" : 0,
  "fieldProperties" : {
    "autoGenerated" : "false"
  }
}, {
  "entityTypeId" : "88f5d798-ec88-4ee3-b955-8d5b516c8d6a",
  "id" : "b37b0bfe-4b64-4b4d-a47d-c8b2f50d030b",
  "name" : "searchText",
  "sourceFieldname" : "searchText",
  "description" : "searchText",
  "dataType" : "string",
  "hasIndex" : false,
  "unique" : false,
  "primarykey" : false,
  "namefield" : false,
  "nullable" : true,
  "custom" : false,
  "createable" : true,
  "updateable" : true,
  "audit" : false,
  "customizable" : false,
  "fieldOrder" : 0,
  "fieldProperties" : {
    "autoGenerated" : "false"
  }
} ]