[ {
  "entityTypeId" : "988c5ac7-10de-4879-9092-4bb0bdca20bb",
  "id" : "5193e9c7-0896-4f4f-a152-004c62ae901f",
  "name" : "key",
  "sourceFieldname" : "key",
  "description" : "key",
  "dataType" : "string",
  "hasIndex" : false,
  "unique" : false,
  "primarykey" : false,
  "namefield" : false,
  "nullable" : true,
  "custom" : false,
  "createable" : true,
  "updateable" : true,
  "audit" : false,
  "customizable" : false,
  "fieldOrder" : 0,
  "fieldProperties" : {
    "autoGenerated" : "false"
  }
}, {
  "entityTypeId" : "988c5ac7-10de-4879-9092-4bb0bdca20bb",
  "id" : "492e69b4-0981-4f69-9a14-d22c7eaf1583",
  "name" : "lat",
  "sourceFieldname" : "lat",
  "description" : "lat",
  "dataType" : "string",
  "hasIndex" : false,
  "unique" : false,
  "primarykey" : false,
  "namefield" : false,
  "nullable" : true,
  "custom" : false,
  "createable" : true,
  "updateable" : true,
  "audit" : false,
  "customizable" : false,
  "fieldOrder" : 0,
  "fieldProperties" : {
    "autoGenerated" : "false"
  }
}, {
  "entityTypeId" : "988c5ac7-10de-4879-9092-4bb0bdca20bb",
  "id" : "67521791-8e46-4867-9304-f049b8f86744",
  "name" : "lng",
  "sourceFieldname" : "lng",
  "description" : "lng",
  "dataType" : "string",
  "hasIndex" : false,
  "unique" : false,
  "primarykey" : false,
  "namefield" : false,
  "nullable" : true,
  "custom" : false,
  "createable" : true,
  "updateable" : true,
  "audit" : false,
  "customizable" : false,
  "fieldOrder" : 0,
  "fieldProperties" : {
    "autoGenerated" : "false"
  }
}, {
  "entityTypeId" : "988c5ac7-10de-4879-9092-4bb0bdca20bb",
  "id" : "3d28a080-c30c-4ce0-916f-9a53e67e8328",
  "name" : "placeID",
  "sourceFieldname" : "placeID",
  "description" : "placeID",
  "dataType" : "string",
  "hasIndex" : false,
  "unique" : false,
  "primarykey" : false,
  "namefield" : false,
  "nullable" : true,
  "custom" : false,
  "createable" : true,
  "updateable" : true,
  "audit" : false,
  "customizable" : false,
  "fieldOrder" : 0,
  "fieldProperties" : {
    "autoGenerated" : "false"
  }
} ]