<?xml version="1.0" encoding="UTF-8" standalone="yes"?>
<service serviceGroup="" cachable="false" cacheduration="" description="" endpoint="" groupType="" id="getNearbyUsingCoordinates" passwordencrypted="" security="public" type="CompositeConnector" smscode="" smsenabled="false">
    <service-config>
        <config-param api-version="" appid="" name="exec_type" value="Sequential"/>
        <config-param api-version="" appid="" name="postprocessorname" value="DataClubbingPostProcessor1"/>
        <config-param api-version="" appid="" name="postprocessorJS" value=""/>
        <config-param api-version="1.0" appid="GoogleService" name="service" value="searchNearBy"/>
        <config-param api-version="1.0" appid="GetPlaceDetailsLoop" name="service" value="getDetails"/>
        <config-param api-version="1.0" appid="GetNearbyPlaceIds" name="service" value="getPlaceIds"/>
    </service-config>
    <service-input passthrough="false"/>
    <service-output passthrough="false"/>
</service>
