[ {
  "entityTypeId" : "67dc1df0-a42c-4dcb-9d5b-c3fab4d42740",
  "id" : "8445e326-aca9-4677-86d9-fd4bb567e50c",
  "name" : "destinations",
  "sourceFieldname" : "destinations",
  "description" : "destinations",
  "dataType" : "string",
  "hasIndex" : false,
  "unique" : false,
  "primarykey" : false,
  "namefield" : false,
  "nullable" : true,
  "custom" : false,
  "createable" : true,
  "updateable" : true,
  "audit" : false,
  "customizable" : false,
  "fieldOrder" : 0,
  "fieldProperties" : {
    "autoGenerated" : "false"
  }
}, {
  "entityTypeId" : "67dc1df0-a42c-4dcb-9d5b-c3fab4d42740",
  "id" : "0f15f3a3-216b-41e2-9b2a-36114e2edcbb",
  "name" : "distance",
  "sourceFieldname" : "distance",
  "description" : "distance",
  "dataType" : "string",
  "hasIndex" : false,
  "unique" : false,
  "primarykey" : false,
  "namefield" : false,
  "nullable" : true,
  "custom" : false,
  "createable" : true,
  "updateable" : true,
  "audit" : false,
  "customizable" : false,
  "fieldOrder" : 0,
  "fieldProperties" : {
    "autoGenerated" : "false"
  }
}, {
  "entityTypeId" : "67dc1df0-a42c-4dcb-9d5b-c3fab4d42740",
  "id" : "75bf1377-9582-4480-8898-92cd5200855e",
  "name" : "formatted_address",
  "sourceFieldname" : "formatted_address",
  "description" : "formatted_address",
  "dataType" : "string",
  "hasIndex" : false,
  "unique" : false,
  "primarykey" : false,
  "namefield" : false,
  "nullable" : true,
  "custom" : false,
  "createable" : true,
  "updateable" : true,
  "audit" : false,
  "customizable" : false,
  "fieldOrder" : 0,
  "fieldProperties" : {
    "autoGenerated" : "false"
  }
}, {
  "entityTypeId" : "67dc1df0-a42c-4dcb-9d5b-c3fab4d42740",
  "id" : "335e60d4-7fdd-42b4-b9be-9cae04381af0",
  "name" : "ImageURL",
  "sourceFieldname" : "ImageURL",
  "description" : "ImageURL",
  "dataType" : "string",
  "hasIndex" : false,
  "unique" : false,
  "primarykey" : false,
  "namefield" : false,
  "nullable" : true,
  "custom" : false,
  "createable" : true,
  "updateable" : true,
  "audit" : false,
  "customizable" : false,
  "fieldOrder" : 0,
  "fieldProperties" : {
    "autoGenerated" : "false"
  }
}, {
  "entityTypeId" : "67dc1df0-a42c-4dcb-9d5b-c3fab4d42740",
  "id" : "70614ca3-c31d-4071-9f66-6b59e990139b",
  "name" : "key",
  "sourceFieldname" : "key",
  "description" : "key",
  "dataType" : "string",
  "hasIndex" : false,
  "unique" : false,
  "primarykey" : false,
  "namefield" : false,
  "nullable" : true,
  "custom" : false,
  "createable" : true,
  "updateable" : true,
  "audit" : false,
  "customizable" : false,
  "fieldOrder" : 0,
  "fieldProperties" : {
    "autoGenerated" : "false"
  }
}, {
  "entityTypeId" : "67dc1df0-a42c-4dcb-9d5b-c3fab4d42740",
  "id" : "dca2f93a-6147-47c0-a904-b5f5193c0556",
  "name" : "Latitude",
  "sourceFieldname" : "Latitude",
  "description" : "Latitude",
  "dataType" : "string",
  "hasIndex" : false,
  "unique" : false,
  "primarykey" : false,
  "namefield" : false,
  "nullable" : true,
  "custom" : false,
  "createable" : true,
  "updateable" : true,
  "audit" : false,
  "customizable" : false,
  "fieldOrder" : 0,
  "fieldProperties" : {
    "autoGenerated" : "false"
  }
}, {
  "entityTypeId" : "67dc1df0-a42c-4dcb-9d5b-c3fab4d42740",
  "id" : "248d62f3-b1b6-4647-a263-f60fb064a6ea",
  "name" : "location",
  "sourceFieldname" : "location",
  "description" : "location",
  "dataType" : "string",
  "hasIndex" : false,
  "unique" : false,
  "primarykey" : false,
  "namefield" : false,
  "nullable" : true,
  "custom" : false,
  "createable" : true,
  "updateable" : true,
  "audit" : false,
  "customizable" : false,
  "fieldOrder" : 0,
  "fieldProperties" : {
    "autoGenerated" : "false"
  }
}, {
  "entityTypeId" : "67dc1df0-a42c-4dcb-9d5b-c3fab4d42740",
  "id" : "2aaca68b-4557-4245-987e-afe7364de03d",
  "name" : "Longitude",
  "sourceFieldname" : "Longitude",
  "description" : "Longitude",
  "dataType" : "string",
  "hasIndex" : false,
  "unique" : false,
  "primarykey" : false,
  "namefield" : false,
  "nullable" : true,
  "custom" : false,
  "createable" : true,
  "updateable" : true,
  "audit" : false,
  "customizable" : false,
  "fieldOrder" : 0,
  "fieldProperties" : {
    "autoGenerated" : "false"
  }
}, {
  "entityTypeId" : "67dc1df0-a42c-4dcb-9d5b-c3fab4d42740",
  "id" : "4cd83836-946f-4632-a529-b506f6a91da0",
  "name" : "Name",
  "sourceFieldname" : "Name",
  "description" : "Name",
  "dataType" : "string",
  "hasIndex" : false,
  "unique" : false,
  "primarykey" : false,
  "namefield" : false,
  "nullable" : true,
  "custom" : false,
  "createable" : true,
  "updateable" : true,
  "audit" : false,
  "customizable" : false,
  "fieldOrder" : 0,
  "fieldProperties" : {
    "autoGenerated" : "false"
  }
}, {
  "entityTypeId" : "67dc1df0-a42c-4dcb-9d5b-c3fab4d42740",
  "id" : "10a50b2b-3e8a-4d8a-9d47-c346f3b11349",
  "name" : "OpenNow",
  "sourceFieldname" : "OpenNow",
  "description" : "OpenNow",
  "dataType" : "string",
  "hasIndex" : false,
  "unique" : false,
  "primarykey" : false,
  "namefield" : false,
  "nullable" : true,
  "custom" : false,
  "createable" : true,
  "updateable" : true,
  "audit" : false,
  "customizable" : false,
  "fieldOrder" : 0,
  "fieldProperties" : {
    "autoGenerated" : "false"
  }
}, {
  "entityTypeId" : "67dc1df0-a42c-4dcb-9d5b-c3fab4d42740",
  "id" : "203f68c8-c50a-4a78-b3fd-c86b0baa9a40",
  "name" : "originlat",
  "sourceFieldname" : "originlat",
  "description" : "originlat",
  "dataType" : "string",
  "hasIndex" : false,
  "unique" : false,
  "primarykey" : false,
  "namefield" : false,
  "nullable" : true,
  "custom" : false,
  "createable" : true,
  "updateable" : true,
  "audit" : false,
  "customizable" : false,
  "fieldOrder" : 0,
  "fieldProperties" : {
    "autoGenerated" : "false"
  }
}, {
  "entityTypeId" : "67dc1df0-a42c-4dcb-9d5b-c3fab4d42740",
  "id" : "bcb85d53-c615-4acf-8eb7-28a6bba2f5e0",
  "name" : "originlng",
  "sourceFieldname" : "originlng",
  "description" : "originlng",
  "dataType" : "string",
  "hasIndex" : false,
  "unique" : false,
  "primarykey" : false,
  "namefield" : false,
  "nullable" : true,
  "custom" : false,
  "createable" : true,
  "updateable" : true,
  "audit" : false,
  "customizable" : false,
  "fieldOrder" : 0,
  "fieldProperties" : {
    "autoGenerated" : "false"
  }
}, {
  "entityTypeId" : "67dc1df0-a42c-4dcb-9d5b-c3fab4d42740",
  "id" : "f0b0169f-4e4a-4471-8397-b39c72b6632d",
  "name" : "origins",
  "sourceFieldname" : "origins",
  "description" : "origins",
  "dataType" : "string",
  "hasIndex" : false,
  "unique" : false,
  "primarykey" : false,
  "namefield" : false,
  "nullable" : true,
  "custom" : false,
  "createable" : true,
  "updateable" : true,
  "audit" : false,
  "customizable" : false,
  "fieldOrder" : 0,
  "fieldProperties" : {
    "autoGenerated" : "false"
  }
}, {
  "entityTypeId" : "67dc1df0-a42c-4dcb-9d5b-c3fab4d42740",
  "id" : "ad989291-8f24-4052-966e-d56877b396ed",
  "name" : "pagetoken",
  "sourceFieldname" : "pagetoken",
  "description" : "pagetoken",
  "dataType" : "string",
  "hasIndex" : false,
  "unique" : false,
  "primarykey" : false,
  "namefield" : false,
  "nullable" : true,
  "custom" : false,
  "createable" : true,
  "updateable" : true,
  "audit" : false,
  "customizable" : false,
  "fieldOrder" : 0,
  "fieldProperties" : {
    "autoGenerated" : "false"
  }
}, {
  "entityTypeId" : "67dc1df0-a42c-4dcb-9d5b-c3fab4d42740",
  "id" : "233c0c33-83c6-4186-933d-39909f18f9ed",
  "name" : "Phone",
  "sourceFieldname" : "Phone",
  "description" : "Phone",
  "dataType" : "string",
  "hasIndex" : false,
  "unique" : false,
  "primarykey" : false,
  "namefield" : false,
  "nullable" : true,
  "custom" : false,
  "createable" : true,
  "updateable" : true,
  "audit" : false,
  "customizable" : false,
  "fieldOrder" : 0,
  "fieldProperties" : {
    "autoGenerated" : "false"
  }
}, {
  "entityTypeId" : "67dc1df0-a42c-4dcb-9d5b-c3fab4d42740",
  "id" : "950b6e9b-6294-4fe0-8f95-62edab9adf01",
  "name" : "PhotoReference",
  "sourceFieldname" : "PhotoReference",
  "description" : "PhotoReference",
  "dataType" : "string",
  "hasIndex" : false,
  "unique" : false,
  "primarykey" : false,
  "namefield" : false,
  "nullable" : true,
  "custom" : false,
  "createable" : true,
  "updateable" : true,
  "audit" : false,
  "customizable" : false,
  "fieldOrder" : 0,
  "fieldProperties" : {
    "autoGenerated" : "false"
  }
}, {
  "entityTypeId" : "67dc1df0-a42c-4dcb-9d5b-c3fab4d42740",
  "id" : "2c011b2c-d3da-408b-92d7-6e5ecfba6594",
  "name" : "PlaceID",
  "sourceFieldname" : "PlaceID",
  "description" : "PlaceID",
  "dataType" : "string",
  "hasIndex" : false,
  "unique" : false,
  "primarykey" : false,
  "namefield" : false,
  "nullable" : true,
  "custom" : false,
  "createable" : true,
  "updateable" : true,
  "audit" : false,
  "customizable" : false,
  "fieldOrder" : 0,
  "fieldProperties" : {
    "autoGenerated" : "false"
  }
}, {
  "entityTypeId" : "67dc1df0-a42c-4dcb-9d5b-c3fab4d42740",
  "id" : "96094573-beba-43a9-9d8c-d8eee3ddf0c8",
  "name" : "placeIDValue",
  "sourceFieldname" : "placeIDValue",
  "description" : "placeIDValue",
  "dataType" : "string",
  "hasIndex" : false,
  "unique" : false,
  "primarykey" : false,
  "namefield" : false,
  "nullable" : true,
  "custom" : false,
  "createable" : true,
  "updateable" : true,
  "audit" : false,
  "customizable" : false,
  "fieldOrder" : 0,
  "fieldProperties" : {
    "autoGenerated" : "false"
  }
}, {
  "entityTypeId" : "67dc1df0-a42c-4dcb-9d5b-c3fab4d42740",
  "id" : "a0d419e6-78b4-461c-bacf-85587b844b76",
  "name" : "radius",
  "sourceFieldname" : "radius",
  "description" : "radius",
  "dataType" : "string",
  "hasIndex" : false,
  "unique" : false,
  "primarykey" : false,
  "namefield" : false,
  "nullable" : true,
  "custom" : false,
  "createable" : true,
  "updateable" : true,
  "audit" : false,
  "customizable" : false,
  "fieldOrder" : 0,
  "fieldProperties" : {
    "autoGenerated" : "false"
  }
}, {
  "entityTypeId" : "67dc1df0-a42c-4dcb-9d5b-c3fab4d42740",
  "id" : "d2d7552c-09ff-4041-b211-627b8b90f603",
  "name" : "Rating",
  "sourceFieldname" : "Rating",
  "description" : "Rating",
  "dataType" : "string",
  "hasIndex" : false,
  "unique" : false,
  "primarykey" : false,
  "namefield" : false,
  "nullable" : true,
  "custom" : false,
  "createable" : true,
  "updateable" : true,
  "audit" : false,
  "customizable" : false,
  "fieldOrder" : 0,
  "fieldProperties" : {
    "autoGenerated" : "false"
  }
}, {
  "entityTypeId" : "67dc1df0-a42c-4dcb-9d5b-c3fab4d42740",
  "id" : "641dc712-6add-409f-a6f5-4edcc14c6003",
  "name" : "type",
  "sourceFieldname" : "type",
  "description" : "type",
  "dataType" : "string",
  "hasIndex" : false,
  "unique" : false,
  "primarykey" : false,
  "namefield" : false,
  "nullable" : true,
  "custom" : false,
  "createable" : true,
  "updateable" : true,
  "audit" : false,
  "customizable" : false,
  "fieldOrder" : 0,
  "fieldProperties" : {
    "autoGenerated" : "false"
  }
}, {
  "entityTypeId" : "67dc1df0-a42c-4dcb-9d5b-c3fab4d42740",
  "id" : "ce6f8b10-de31-4eb2-867e-a8a9e187f020",
  "name" : "Vicinity",
  "sourceFieldname" : "Vicinity",
  "description" : "Vicinity",
  "dataType" : "string",
  "hasIndex" : false,
  "unique" : false,
  "primarykey" : false,
  "namefield" : false,
  "nullable" : true,
  "custom" : false,
  "createable" : true,
  "updateable" : true,
  "audit" : false,
  "customizable" : false,
  "fieldOrder" : 0,
  "fieldProperties" : {
    "autoGenerated" : "false"
  }
} ]